"DT_GERACAO";"HH_GERACAO";"ANO_ELEICAO";"CD_TIPO_ELEICAO";"NM_TIPO_ELEICAO";"CD_ELEICAO";"DS_ELEICAO";"SG_UF";"SG_UE";"NM_UE";"SQ_CANDIDATO";"DS_MOTIVO_CASSACAO"
"23/01/2020";"08:45:56";"2016";"2";"Eleição Ordinária";"220";"Eleições Municipais 2016";"ES";"56871";"RIO NOVO DO SUL";"80000002073";"Indeferimento de partido ou coligação."
"23/01/2020";"08:45:56";"2016";"2";"Eleição Ordinária";"220";"Eleições Municipais 2016";"ES";"57070";"MARILÂNDIA";"80000003228";"Ausência de requisito de registro "
"23/01/2020";"08:45:56";"2016";"2";"Eleição Ordinária";"220";"Eleições Municipais 2016";"ES";"57037";"VILA VELHA";"80000003038";"Ausência de requisito de registro "
"23/01/2020";"08:45:56";"2016";"2";"Eleição Ordinária";"220";"Eleições Municipais 2016";"ES";"56898";"SANTA LEOPOLDINA";"80000004220";"Ficha limpa (LC 64/90)"
"23/01/2020";"08:45:56";"2016";"2";"Eleição Ordinária";"220";"Eleições Municipais 2016";"ES";"56294";"COLATINA";"80000005245";"Ausência de requisito de registro "
"23/01/2020";"08:45:56";"2016";"2";"Eleição Ordinária";"220";"Eleições Municipais 2016";"ES";"57037";"VILA VELHA";"80000003732";"Ausência de requisito de registro "
"23/01/2020";"08:45:56";"2016";"2";"Eleição Ordinária";"220";"Eleições Municipais 2016";"ES";"56472";"GUARAPARI";"80000008145";"Ausência de requisito de registro "
"23/01/2020";"08:45:56";"2016";"2";"Eleição Ordinária";"220";"Eleições Municipais 2016";"ES";"56197";"BOA ESPERANÇA";"80000007737";"Ausência de requisito de registro "
"23/01/2020";"08:45:56";"2016";"2";"Eleição Ordinária";"220";"Eleições Municipais 2016";"ES";"56073";"ANCHIETA";"80000007885";"Ausência de requisito de registro "
"23/01/2020";"08:45:56";"2016";"2";"Eleição Ordinária";"220";"Eleições Municipais 2016";"ES";"56634";"LINHARES";"80000008777";"Ausência de requisito de registro "
"23/01/2020";"08:45:56";"2016";"2";"Eleição Ordinária";"220";"Eleições Municipais 2016";"ES";"56634";"LINHARES";"80000008779";"Ausência de requisito de registro "
"23/01/2020";"08:45:56";"2016";"2";"Eleição Ordinária";"220";"Eleições Municipais 2016";"ES";"56472";"GUARAPARI";"80000008673";"Indeferimento de partido ou coligação."
"23/01/2020";"08:45:56";"2016";"2";"Eleição Ordinária";"220";"Eleições Municipais 2016";"ES";"56472";"GUARAPARI";"80000009601";"Ausência de requisito de registro "
"23/01/2020";"08:45:56";"2016";"2";"Eleição Ordinária";"220";"Eleições Municipais 2016";"ES";"57150";"PEDRO CANÁRIO";"80000010677";"Ausência de requisito de registro "
"23/01/2020";"08:45:56";"2016";"2";"Eleição Ordinária";"220";"Eleições Municipais 2016";"ES";"56626";"JOÃO NEIVA";"80000012760";"Ausência de requisito de registro "
"23/01/2020";"08:45:56";"2016";"2";"Eleição Ordinária";"220";"Eleições Municipais 2016";"ES";"56170";"BARRA DE SÃO FRANCISCO";"80000011791";"Ausência de requisito de registro "
"23/01/2020";"08:45:56";"2016";"2";"Eleição Ordinária";"220";"Eleições Municipais 2016";"ES";"56812";"PINHEIROS";"80000010695";"Ausência de requisito de registro "
"23/01/2020";"08:45:56";"2016";"2";"Eleição Ordinária";"220";"Eleições Municipais 2016";"ES";"56774";"NOVA VENÉCIA";"80000011693";"Ausência de requisito de registro "
"23/01/2020";"08:45:56";"2016";"2";"Eleição Ordinária";"220";"Eleições Municipais 2016";"ES";"57150";"PEDRO CANÁRIO";"80000011033";"Ausência de requisito de registro "
"23/01/2020";"08:45:56";"2016";"2";"Eleição Ordinária";"220";"Eleições Municipais 2016";"ES";"56413";"ECOPORANGA";"80000011126";"Ficha limpa (LC 64/90)"
"23/01/2020";"08:45:56";"2016";"1";"Eleição Suplementar";"411";"Eleição Suplementar de Castelo (ES)";"ES";"56278";"CASTELO";"80000631340";"Impugnação"
"23/01/2020";"08:45:56";"2016";"1";"Eleição Suplementar";"411";"Eleição Suplementar de Castelo (ES)";"ES";"56278";"CASTELO";"80000631340";"Ausência de requisito de registro "
"23/01/2020";"08:45:56";"2016";"2";"Eleição Ordinária";"220";"Eleições Municipais 2016";"ES";"56065";"ALTO RIO NOVO";"80000001967";"Indeferimento de partido ou coligação."
"23/01/2020";"08:45:56";"2016";"2";"Eleição Ordinária";"220";"Eleições Municipais 2016";"ES";"57037";"VILA VELHA";"80000003059";"Ausência de requisito de registro "
"23/01/2020";"08:45:56";"2016";"2";"Eleição Ordinária";"220";"Eleições Municipais 2016";"ES";"56235";"CACHOEIRO DE ITAPEMIRIM";"80000002919";"Ausência de requisito de registro "
"23/01/2020";"08:45:56";"2016";"2";"Eleição Ordinária";"220";"Eleições Municipais 2016";"ES";"56111";"ARACRUZ";"80000005297";"Ausência de requisito de registro "
"23/01/2020";"08:45:56";"2016";"2";"Eleição Ordinária";"220";"Eleições Municipais 2016";"ES";"56120";"MARATAÍZES";"80000004926";"Ficha limpa (LC 64/90)"
"23/01/2020";"08:45:56";"2016";"2";"Eleição Ordinária";"220";"Eleições Municipais 2016";"ES";"57959";"VARGEM ALTA";"80000006631";"Ausência de requisito de registro "
"23/01/2020";"08:45:56";"2016";"2";"Eleição Ordinária";"220";"Eleições Municipais 2016";"ES";"56898";"SANTA LEOPOLDINA";"80000004220";"Ausência de requisito de registro "
"23/01/2020";"08:45:56";"2016";"2";"Eleição Ordinária";"220";"Eleições Municipais 2016";"ES";"56839";"PIÚMA";"80000005330";"Ausência de requisito de registro "
"23/01/2020";"08:45:56";"2016";"2";"Eleição Ordinária";"220";"Eleições Municipais 2016";"ES";"57053";"VITÓRIA";"80000007349";"Ausência de requisito de registro "
"23/01/2020";"08:45:56";"2016";"2";"Eleição Ordinária";"220";"Eleições Municipais 2016";"ES";"57010";"VIANA";"80000007905";"Ausência de requisito de registro "
"23/01/2020";"08:45:56";"2016";"2";"Eleição Ordinária";"220";"Eleições Municipais 2016";"ES";"57010";"VIANA";"80000007911";"Ausência de requisito de registro "
"23/01/2020";"08:45:56";"2016";"2";"Eleição Ordinária";"220";"Eleições Municipais 2016";"ES";"57053";"VITÓRIA";"80000007526";"Ausência de requisito de registro "
"23/01/2020";"08:45:56";"2016";"2";"Eleição Ordinária";"220";"Eleições Municipais 2016";"ES";"56120";"MARATAÍZES";"80000005844";"Ausência de requisito de registro "
"23/01/2020";"08:45:56";"2016";"2";"Eleição Ordinária";"220";"Eleições Municipais 2016";"ES";"57053";"VITÓRIA";"80000007712";"Ausência de requisito de registro "
"23/01/2020";"08:45:56";"2016";"2";"Eleição Ordinária";"220";"Eleições Municipais 2016";"ES";"56146";"BREJETUBA";"80000005976";"Ausência de requisito de registro "
"23/01/2020";"08:45:56";"2016";"2";"Eleição Ordinária";"220";"Eleições Municipais 2016";"ES";"56235";"CACHOEIRO DE ITAPEMIRIM";"80000006792";"Ausência de requisito de registro "
"23/01/2020";"08:45:56";"2016";"2";"Eleição Ordinária";"220";"Eleições Municipais 2016";"ES";"56200";"PONTO BELO";"80000008607";"Ausência de requisito de registro "
"23/01/2020";"08:45:56";"2016";"2";"Eleição Ordinária";"220";"Eleições Municipais 2016";"ES";"56472";"GUARAPARI";"80000008665";"Indeferimento de partido ou coligação."
"23/01/2020";"08:45:56";"2016";"2";"Eleição Ordinária";"220";"Eleições Municipais 2016";"ES";"56472";"GUARAPARI";"80000008670";"Indeferimento de partido ou coligação."
"23/01/2020";"08:45:56";"2016";"2";"Eleição Ordinária";"220";"Eleições Municipais 2016";"ES";"57010";"VIANA";"80000007916";"Ausência de requisito de registro "
"23/01/2020";"08:45:56";"2016";"2";"Eleição Ordinária";"220";"Eleições Municipais 2016";"ES";"56472";"GUARAPARI";"80000009581";"Indeferimento de partido ou coligação."
"23/01/2020";"08:45:56";"2016";"2";"Eleição Ordinária";"220";"Eleições Municipais 2016";"ES";"56472";"GUARAPARI";"80000008672";"Indeferimento de partido ou coligação."
"23/01/2020";"08:45:56";"2016";"2";"Eleição Ordinária";"220";"Eleições Municipais 2016";"ES";"57053";"VITÓRIA";"80000009445";"Ausência de requisito de registro "
"23/01/2020";"08:45:56";"2016";"2";"Eleição Ordinária";"220";"Eleições Municipais 2016";"ES";"56235";"CACHOEIRO DE ITAPEMIRIM";"80000009743";"Ausência de requisito de registro "
"23/01/2020";"08:45:56";"2016";"2";"Eleição Ordinária";"220";"Eleições Municipais 2016";"ES";"56189";"SOORETAMA";"80000010277";"Ausência de requisito de registro "
"23/01/2020";"08:45:56";"2016";"2";"Eleição Ordinária";"220";"Eleições Municipais 2016";"ES";"57037";"VILA VELHA";"80000008300";"Indeferimento de partido ou coligação."
"23/01/2020";"08:45:56";"2016";"2";"Eleição Ordinária";"220";"Eleições Municipais 2016";"ES";"56472";"GUARAPARI";"80000008992";"Ausência de requisito de registro "
"23/01/2020";"08:45:56";"2016";"2";"Eleição Ordinária";"220";"Eleições Municipais 2016";"ES";"56235";"CACHOEIRO DE ITAPEMIRIM";"80000009138";"Ausência de requisito de registro "
"23/01/2020";"08:45:56";"2016";"2";"Eleição Ordinária";"220";"Eleições Municipais 2016";"ES";"56472";"GUARAPARI";"80000008662";"Indeferimento de partido ou coligação."
"23/01/2020";"08:45:56";"2016";"2";"Eleição Ordinária";"220";"Eleições Municipais 2016";"ES";"56294";"COLATINA";"80000010546";"Ausência de requisito de registro "
"23/01/2020";"08:45:56";"2016";"2";"Eleição Ordinária";"220";"Eleições Municipais 2016";"ES";"56251";"CARIACICA";"80000011275";"Ausência de requisito de registro "
"23/01/2020";"08:45:56";"2016";"2";"Eleição Ordinária";"220";"Eleições Municipais 2016";"ES";"56499";"IBIRAÇU";"80000011143";"Ausência de requisito de registro "
"23/01/2020";"08:45:56";"2016";"2";"Eleição Ordinária";"220";"Eleições Municipais 2016";"ES";"56812";"PINHEIROS";"80000010893";"Ausência de requisito de registro "
"23/01/2020";"08:45:56";"2016";"2";"Eleição Ordinária";"220";"Eleições Municipais 2016";"ES";"56995";"SERRA";"80000012451";"Ausência de requisito de registro "
"23/01/2020";"08:45:56";"2016";"2";"Eleição Ordinária";"220";"Eleições Municipais 2016";"ES";"56995";"SERRA";"80000012132";"Ausência de requisito de registro "
"23/01/2020";"08:45:56";"2016";"2";"Eleição Ordinária";"220";"Eleições Municipais 2016";"ES";"57053";"VITÓRIA";"80000001467";"Ausência de requisito de registro "
"23/01/2020";"08:45:56";"2016";"2";"Eleição Ordinária";"220";"Eleições Municipais 2016";"ES";"56979";"SÃO MATEUS";"80000001849";"Ficha limpa (LC 64/90)"
"23/01/2020";"08:45:56";"2016";"2";"Eleição Ordinária";"220";"Eleições Municipais 2016";"ES";"56138";"ATÍLIO VIVÁCQUA";"80000001949";"Ausência de requisito de registro "
"23/01/2020";"08:45:56";"2016";"2";"Eleição Ordinária";"220";"Eleições Municipais 2016";"ES";"56871";"RIO NOVO DO SUL";"80000002070";"Indeferimento de partido ou coligação."
"23/01/2020";"08:45:56";"2016";"2";"Eleição Ordinária";"220";"Eleições Municipais 2016";"ES";"57037";"VILA VELHA";"80000002152";"Ausência de requisito de registro "
"23/01/2020";"08:45:56";"2016";"2";"Eleição Ordinária";"220";"Eleições Municipais 2016";"ES";"56952";"SÃO JOSÉ DO CALÇADO";"80000002165";"Ausência de requisito de registro "
"23/01/2020";"08:45:56";"2016";"2";"Eleição Ordinária";"220";"Eleições Municipais 2016";"ES";"56693";"MONTANHA";"80000004589";"Ficha limpa (LC 64/90)"
"23/01/2020";"08:45:56";"2016";"2";"Eleição Ordinária";"220";"Eleições Municipais 2016";"ES";"57010";"VIANA";"80000007903";"Ausência de requisito de registro "
"23/01/2020";"08:45:56";"2016";"2";"Eleição Ordinária";"220";"Eleições Municipais 2016";"ES";"56120";"MARATAÍZES";"80000006224";"Ficha limpa (LC 64/90)"
"23/01/2020";"08:45:56";"2016";"2";"Eleição Ordinária";"220";"Eleições Municipais 2016";"ES";"56812";"PINHEIROS";"80000006529";"Ausência de requisito de registro "
"23/01/2020";"08:45:56";"2016";"2";"Eleição Ordinária";"220";"Eleições Municipais 2016";"ES";"56812";"PINHEIROS";"80000006531";"Ausência de requisito de registro "
"23/01/2020";"08:45:56";"2016";"2";"Eleição Ordinária";"220";"Eleições Municipais 2016";"ES";"56278";"CASTELO";"80000007274";"Ausência de requisito de registro "
"23/01/2020";"08:45:56";"2016";"2";"Eleição Ordinária";"220";"Eleições Municipais 2016";"ES";"56472";"GUARAPARI";"80000007649";"Ausência de requisito de registro "
"23/01/2020";"08:45:56";"2016";"2";"Eleição Ordinária";"220";"Eleições Municipais 2016";"ES";"56472";"GUARAPARI";"80000009582";"Indeferimento de partido ou coligação."
"23/01/2020";"08:45:56";"2016";"2";"Eleição Ordinária";"220";"Eleições Municipais 2016";"ES";"56936";"SÃO GABRIEL DA PALHA";"80000010945";"Ausência de requisito de registro "
"23/01/2020";"08:45:56";"2016";"2";"Eleição Ordinária";"220";"Eleições Municipais 2016";"ES";"56472";"GUARAPARI";"80000008170";"Ficha limpa (LC 64/90)"
"23/01/2020";"08:45:56";"2016";"2";"Eleição Ordinária";"220";"Eleições Municipais 2016";"ES";"56472";"GUARAPARI";"80000009569";"Indeferimento de partido ou coligação."
"23/01/2020";"08:45:56";"2016";"2";"Eleição Ordinária";"220";"Eleições Municipais 2016";"ES";"57037";"VILA VELHA";"80000008302";"Indeferimento de partido ou coligação."
"23/01/2020";"08:45:56";"2016";"2";"Eleição Ordinária";"220";"Eleições Municipais 2016";"ES";"57150";"PEDRO CANÁRIO";"80000009108";"Ausência de requisito de registro "
"23/01/2020";"08:45:56";"2016";"2";"Eleição Ordinária";"220";"Eleições Municipais 2016";"ES";"56472";"GUARAPARI";"80000009887";"Ausência de requisito de registro "
"23/01/2020";"08:45:56";"2016";"2";"Eleição Ordinária";"220";"Eleições Municipais 2016";"ES";"56472";"GUARAPARI";"80000008663";"Indeferimento de partido ou coligação."
"23/01/2020";"08:45:56";"2016";"2";"Eleição Ordinária";"220";"Eleições Municipais 2016";"ES";"56472";"GUARAPARI";"80000009573";"Indeferimento de partido ou coligação."
"23/01/2020";"08:45:56";"2016";"2";"Eleição Ordinária";"220";"Eleições Municipais 2016";"ES";"56731";"MUNIZ FREIRE";"80000011189";"Ausência de requisito de registro "
"23/01/2020";"08:45:56";"2016";"2";"Eleição Ordinária";"220";"Eleições Municipais 2016";"ES";"56995";"SERRA";"80000011515";"Ausência de requisito de registro "
"23/01/2020";"08:45:56";"2016";"1";"Eleição Suplementar";"411";"Eleição Suplementar de Castelo (ES)";"ES";"56278";"CASTELO";"80000631339";"Ausência de requisito de registro "
"23/01/2020";"08:45:56";"2016";"1";"Eleição Suplementar";"411";"Eleição Suplementar de Castelo (ES)";"ES";"56278";"CASTELO";"80000631333";"Indeferimento de partido ou coligação."
"23/01/2020";"08:45:56";"2016";"2";"Eleição Ordinária";"220";"Eleições Municipais 2016";"ES";"56359";"DIVINO DE SÃO LOURENÇO";"80000000997";"Ausência de requisito de registro "
"23/01/2020";"08:45:56";"2016";"2";"Eleição Ordinária";"220";"Eleições Municipais 2016";"ES";"57070";"MARILÂNDIA";"80000001708";"Ausência de requisito de registro "
"23/01/2020";"08:45:56";"2016";"2";"Eleição Ordinária";"220";"Eleições Municipais 2016";"ES";"57070";"MARILÂNDIA";"80000001709";"Ausência de requisito de registro "
"23/01/2020";"08:45:56";"2016";"2";"Eleição Ordinária";"220";"Eleições Municipais 2016";"ES";"57932";"SANTA MARIA DE JETIBÁ";"80000002192";"Ausência de requisito de registro "
"23/01/2020";"08:45:56";"2016";"2";"Eleição Ordinária";"220";"Eleições Municipais 2016";"ES";"56278";"CASTELO";"80000003681";"Ausência de requisito de registro "
"23/01/2020";"08:45:56";"2016";"2";"Eleição Ordinária";"220";"Eleições Municipais 2016";"ES";"56898";"SANTA LEOPOLDINA";"80000004221";"Ficha limpa (LC 64/90)"
"23/01/2020";"08:45:56";"2016";"2";"Eleição Ordinária";"220";"Eleições Municipais 2016";"ES";"56081";"VILA PAVÃO";"80000004285";"Ausência de requisito de registro "
"23/01/2020";"08:45:56";"2016";"2";"Eleição Ordinária";"220";"Eleições Municipais 2016";"ES";"56120";"MARATAÍZES";"80000005028";"Ausência de requisito de registro "
"23/01/2020";"08:45:56";"2016";"2";"Eleição Ordinária";"220";"Eleições Municipais 2016";"ES";"56111";"ARACRUZ";"80000003288";"Ausência de requisito de registro "
"23/01/2020";"08:45:56";"2016";"2";"Eleição Ordinária";"220";"Eleições Municipais 2016";"ES";"56472";"GUARAPARI";"80000008655";"Indeferimento de partido ou coligação."
"23/01/2020";"08:45:56";"2016";"2";"Eleição Ordinária";"220";"Eleições Municipais 2016";"ES";"57053";"VITÓRIA";"80000007601";"Ausência de requisito de registro "
"23/01/2020";"08:45:56";"2016";"2";"Eleição Ordinária";"220";"Eleições Municipais 2016";"ES";"57053";"VITÓRIA";"80000007605";"Ausência de requisito de registro "
"23/01/2020";"08:45:56";"2016";"2";"Eleição Ordinária";"220";"Eleições Municipais 2016";"ES";"56251";"CARIACICA";"80000005875";"Ausência de requisito de registro "
"23/01/2020";"08:45:56";"2016";"2";"Eleição Ordinária";"220";"Eleições Municipais 2016";"ES";"56073";"ANCHIETA";"80000005571";"Ausência de requisito de registro "
"23/01/2020";"08:45:56";"2016";"2";"Eleição Ordinária";"220";"Eleições Municipais 2016";"ES";"56235";"CACHOEIRO DE ITAPEMIRIM";"80000009741";"Ausência de requisito de registro "
"23/01/2020";"08:45:56";"2016";"2";"Eleição Ordinária";"220";"Eleições Municipais 2016";"ES";"56472";"GUARAPARI";"80000009586";"Indeferimento de partido ou coligação."
"23/01/2020";"08:45:56";"2016";"2";"Eleição Ordinária";"220";"Eleições Municipais 2016";"ES";"56472";"GUARAPARI";"80000008161";"Ficha limpa (LC 64/90)"
"23/01/2020";"08:45:56";"2016";"2";"Eleição Ordinária";"220";"Eleições Municipais 2016";"ES";"56472";"GUARAPARI";"80000008648";"Indeferimento de partido ou coligação."
"23/01/2020";"08:45:56";"2016";"2";"Eleição Ordinária";"220";"Eleições Municipais 2016";"ES";"56294";"COLATINA";"80000010552";"Ausência de requisito de registro "
"23/01/2020";"08:45:56";"2016";"2";"Eleição Ordinária";"220";"Eleições Municipais 2016";"ES";"56146";"BREJETUBA";"80000008630";"Ausência de requisito de registro "
"23/01/2020";"08:45:56";"2016";"2";"Eleição Ordinária";"220";"Eleições Municipais 2016";"ES";"56120";"MARATAÍZES";"80000012713";"Ausência de requisito de registro "
"23/01/2020";"08:45:56";"2016";"2";"Eleição Ordinária";"220";"Eleições Municipais 2016";"ES";"56774";"NOVA VENÉCIA";"80000011692";"Ausência de requisito de registro "
"23/01/2020";"08:45:56";"2016";"2";"Eleição Ordinária";"220";"Eleições Municipais 2016";"ES";"56839";"PIÚMA";"80000001430";"Ausência de requisito de registro "
"23/01/2020";"08:45:56";"2016";"2";"Eleição Ordinária";"220";"Eleições Municipais 2016";"ES";"57010";"VIANA";"80000003196";"Ausência de requisito de registro "
"23/01/2020";"08:45:56";"2016";"2";"Eleição Ordinária";"220";"Eleições Municipais 2016";"ES";"56219";"BOM JESUS DO NORTE";"80000002199";"Ausência de requisito de registro "
"23/01/2020";"08:45:56";"2016";"2";"Eleição Ordinária";"220";"Eleições Municipais 2016";"ES";"56030";"ALEGRE";"80000003153";"Ausência de requisito de registro "
"23/01/2020";"08:45:56";"2016";"2";"Eleição Ordinária";"220";"Eleições Municipais 2016";"ES";"56294";"COLATINA";"80000002488";"Ausência de requisito de registro "
"23/01/2020";"08:45:56";"2016";"2";"Eleição Ordinária";"220";"Eleições Municipais 2016";"ES";"57932";"SANTA MARIA DE JETIBÁ";"80000003582";"Ausência de requisito de registro "
"23/01/2020";"08:45:56";"2016";"2";"Eleição Ordinária";"220";"Eleições Municipais 2016";"ES";"56979";"SÃO MATEUS";"80000004873";"Ausência de requisito de registro "
"23/01/2020";"08:45:56";"2016";"2";"Eleição Ordinária";"220";"Eleições Municipais 2016";"ES";"56081";"VILA PAVÃO";"80000004286";"Ausência de requisito de registro "
"23/01/2020";"08:45:56";"2016";"2";"Eleição Ordinária";"220";"Eleições Municipais 2016";"ES";"56120";"MARATAÍZES";"80000005026";"Ausência de requisito de registro "
"23/01/2020";"08:45:56";"2016";"2";"Eleição Ordinária";"220";"Eleições Municipais 2016";"ES";"56308";"GOVERNADOR LINDENBERG";"80000004517";"Ausência de requisito de registro "
"23/01/2020";"08:45:56";"2016";"2";"Eleição Ordinária";"220";"Eleições Municipais 2016";"ES";"56472";"GUARAPARI";"80000005764";"Ausência de requisito de registro "
"23/01/2020";"08:45:56";"2016";"2";"Eleição Ordinária";"220";"Eleições Municipais 2016";"ES";"56758";"MUQUI";"80000006808";"Ficha limpa (LC 64/90)"
"23/01/2020";"08:45:56";"2016";"2";"Eleição Ordinária";"220";"Eleições Municipais 2016";"ES";"57010";"VIANA";"80000007907";"Ausência de requisito de registro "
"23/01/2020";"08:45:56";"2016";"2";"Eleição Ordinária";"220";"Eleições Municipais 2016";"ES";"56120";"MARATAÍZES";"80000006493";"Ausência de requisito de registro "
"23/01/2020";"08:45:56";"2016";"2";"Eleição Ordinária";"220";"Eleições Municipais 2016";"ES";"56472";"GUARAPARI";"80000007780";"Ausência de requisito de registro "
"23/01/2020";"08:45:56";"2016";"2";"Eleição Ordinária";"220";"Eleições Municipais 2016";"ES";"56472";"GUARAPARI";"80000008666";"Indeferimento de partido ou coligação."
"23/01/2020";"08:45:56";"2016";"2";"Eleição Ordinária";"220";"Eleições Municipais 2016";"ES";"57037";"VILA VELHA";"80000009553";"Ausência de requisito de registro "
"23/01/2020";"08:45:56";"2016";"2";"Eleição Ordinária";"220";"Eleições Municipais 2016";"ES";"56472";"GUARAPARI";"80000008676";"Indeferimento de partido ou coligação."
"23/01/2020";"08:45:56";"2016";"2";"Eleição Ordinária";"220";"Eleições Municipais 2016";"ES";"56472";"GUARAPARI";"80000008678";"Indeferimento de partido ou coligação."
"23/01/2020";"08:45:56";"2016";"2";"Eleição Ordinária";"220";"Eleições Municipais 2016";"ES";"56294";"COLATINA";"80000009249";"Ausência de requisito de registro "
"23/01/2020";"08:45:56";"2016";"2";"Eleição Ordinária";"220";"Eleições Municipais 2016";"ES";"56472";"GUARAPARI";"80000008660";"Indeferimento de partido ou coligação."
"23/01/2020";"08:45:56";"2016";"2";"Eleição Ordinária";"220";"Eleições Municipais 2016";"ES";"56758";"MUQUI";"80000012869";"Ausência de requisito de registro "
"23/01/2020";"08:45:56";"2016";"2";"Eleição Ordinária";"220";"Eleições Municipais 2016";"ES";"57959";"VARGEM ALTA";"80000010431";"Ausência de requisito de registro "
"23/01/2020";"08:45:56";"2016";"2";"Eleição Ordinária";"220";"Eleições Municipais 2016";"ES";"57150";"PEDRO CANÁRIO";"80000011032";"Ausência de requisito de registro "
"23/01/2020";"08:45:56";"2016";"2";"Eleição Ordinária";"220";"Eleições Municipais 2016";"ES";"56774";"NOVA VENÉCIA";"80000011897";"Ausência de requisito de registro "
"23/01/2020";"08:45:56";"2016";"2";"Eleição Ordinária";"220";"Eleições Municipais 2016";"ES";"56979";"SÃO MATEUS";"80000010978";"Ficha limpa (LC 64/90)"
"23/01/2020";"08:45:56";"2016";"2";"Eleição Ordinária";"220";"Eleições Municipais 2016";"ES";"56995";"SERRA";"80000012599";"Ausência de requisito de registro "
"23/01/2020";"08:45:56";"2016";"2";"Eleição Ordinária";"220";"Eleições Municipais 2016";"ES";"56570";"ITARANA";"80000012664";"Ausência de requisito de registro "
"23/01/2020";"08:45:56";"2016";"2";"Eleição Ordinária";"220";"Eleições Municipais 2016";"ES";"56170";"BARRA DE SÃO FRANCISCO";"80000013112";"Ausência de requisito de registro "
"23/01/2020";"08:45:56";"2016";"2";"Eleição Ordinária";"220";"Eleições Municipais 2016";"ES";"56995";"SERRA";"80000012449";"Ausência de requisito de registro "
"23/01/2020";"08:45:56";"2016";"2";"Eleição Ordinária";"220";"Eleições Municipais 2016";"ES";"56995";"SERRA";"80000012161";"Ausência de requisito de registro "
"23/01/2020";"08:45:56";"2016";"1";"Eleição Suplementar";"411";"Eleição Suplementar de Castelo (ES)";"ES";"56278";"CASTELO";"80000631339";"Impugnação"
"23/01/2020";"08:45:56";"2016";"2";"Eleição Ordinária";"220";"Eleições Municipais 2016";"ES";"56510";"ICONHA";"80000001662";"Ficha limpa (LC 64/90)"
"23/01/2020";"08:45:56";"2016";"2";"Eleição Ordinária";"220";"Eleições Municipais 2016";"ES";"56871";"RIO NOVO DO SUL";"80000002071";"Indeferimento de partido ou coligação."
"23/01/2020";"08:45:56";"2016";"2";"Eleição Ordinária";"220";"Eleições Municipais 2016";"ES";"56111";"ARACRUZ";"80000005300";"Ausência de requisito de registro "
"23/01/2020";"08:45:56";"2016";"2";"Eleição Ordinária";"220";"Eleições Municipais 2016";"ES";"56294";"COLATINA";"80000002516";"Ausência de requisito de registro "
"23/01/2020";"08:45:56";"2016";"2";"Eleição Ordinária";"220";"Eleições Municipais 2016";"ES";"56456";"GUAÇUÍ";"80000004277";"Conduta vedada (Lei 9.504/97)."
"23/01/2020";"08:45:56";"2016";"2";"Eleição Ordinária";"220";"Eleições Municipais 2016";"ES";"56081";"VILA PAVÃO";"80000004284";"Ausência de requisito de registro "
"23/01/2020";"08:45:56";"2016";"2";"Eleição Ordinária";"220";"Eleições Municipais 2016";"ES";"57010";"VIANA";"80000005271";"Ausência de requisito de registro "
"23/01/2020";"08:45:56";"2016";"2";"Eleição Ordinária";"220";"Eleições Municipais 2016";"ES";"56219";"BOM JESUS DO NORTE";"80000004463";"Indeferimento de partido ou coligação."
"23/01/2020";"08:45:56";"2016";"2";"Eleição Ordinária";"220";"Eleições Municipais 2016";"ES";"56111";"ARACRUZ";"80000004680";"Ausência de requisito de registro "
"23/01/2020";"08:45:56";"2016";"2";"Eleição Ordinária";"220";"Eleições Municipais 2016";"ES";"56472";"GUARAPARI";"80000008649";"Indeferimento de partido ou coligação."
"23/01/2020";"08:45:56";"2016";"2";"Eleição Ordinária";"220";"Eleições Municipais 2016";"ES";"56472";"GUARAPARI";"80000008652";"Ausência de requisito de registro "
"23/01/2020";"08:45:56";"2016";"2";"Eleição Ordinária";"220";"Eleições Municipais 2016";"ES";"57010";"VIANA";"80000007906";"Ausência de requisito de registro "
"23/01/2020";"08:45:56";"2016";"2";"Eleição Ordinária";"220";"Eleições Municipais 2016";"ES";"57053";"VITÓRIA";"80000007527";"Ausência de requisito de registro "
"23/01/2020";"08:45:56";"2016";"2";"Eleição Ordinária";"220";"Eleições Municipais 2016";"ES";"56278";"CASTELO";"80000007278";"Ausência de requisito de registro "
"23/01/2020";"08:45:56";"2016";"2";"Eleição Ordinária";"220";"Eleições Municipais 2016";"ES";"56189";"SOORETAMA";"80000006201";"Ausência de requisito de registro "
"23/01/2020";"08:45:56";"2016";"2";"Eleição Ordinária";"220";"Eleições Municipais 2016";"ES";"56472";"GUARAPARI";"80000009087";"Ausência de requisito de registro "
"23/01/2020";"08:45:56";"2016";"2";"Eleição Ordinária";"220";"Eleições Municipais 2016";"ES";"56472";"GUARAPARI";"80000008667";"Indeferimento de partido ou coligação."
"23/01/2020";"08:45:56";"2016";"2";"Eleição Ordinária";"220";"Eleições Municipais 2016";"ES";"56472";"GUARAPARI";"80000008647";"Indeferimento de partido ou coligação."
"23/01/2020";"08:45:56";"2016";"2";"Eleição Ordinária";"220";"Eleições Municipais 2016";"ES";"56200";"PONTO BELO";"80000009166";"Ausência de requisito de registro "
"23/01/2020";"08:45:56";"2016";"2";"Eleição Ordinária";"220";"Eleições Municipais 2016";"ES";"56294";"COLATINA";"80000010551";"Ausência de requisito de registro "
"23/01/2020";"08:45:56";"2016";"2";"Eleição Ordinária";"220";"Eleições Municipais 2016";"ES";"56472";"GUARAPARI";"80000009570";"Indeferimento de partido ou coligação."
"23/01/2020";"08:45:56";"2016";"2";"Eleição Ordinária";"220";"Eleições Municipais 2016";"ES";"56472";"GUARAPARI";"80000009572";"Indeferimento de partido ou coligação."
"23/01/2020";"08:45:56";"2016";"2";"Eleição Ordinária";"220";"Eleições Municipais 2016";"ES";"56073";"ANCHIETA";"80000009321";"Ausência de requisito de registro "
"23/01/2020";"08:45:56";"2016";"2";"Eleição Ordinária";"220";"Eleições Municipais 2016";"ES";"57037";"VILA VELHA";"80000008293";"Ausência de requisito de registro "
"23/01/2020";"08:45:56";"2016";"2";"Eleição Ordinária";"220";"Eleições Municipais 2016";"ES";"57037";"VILA VELHA";"80000008299";"Indeferimento de partido ou coligação."
"23/01/2020";"08:45:56";"2016";"2";"Eleição Ordinária";"220";"Eleições Municipais 2016";"ES";"56472";"GUARAPARI";"80000008657";"Indeferimento de partido ou coligação."
"23/01/2020";"08:45:56";"2016";"2";"Eleição Ordinária";"220";"Eleições Municipais 2016";"ES";"56472";"GUARAPARI";"80000008659";"Indeferimento de partido ou coligação."
"23/01/2020";"08:45:56";"2016";"2";"Eleição Ordinária";"220";"Eleições Municipais 2016";"ES";"56294";"COLATINA";"80000010541";"Ausência de requisito de registro "
"23/01/2020";"08:45:56";"2016";"2";"Eleição Ordinária";"220";"Eleições Municipais 2016";"ES";"56553";"ITAPEMIRIM";"80000011078";"Ausência de requisito de registro "
"23/01/2020";"08:45:56";"2016";"2";"Eleição Ordinária";"220";"Eleições Municipais 2016";"ES";"56251";"CARIACICA";"80000011375";"Ausência de requisito de registro "
"23/01/2020";"08:45:56";"2016";"2";"Eleição Ordinária";"220";"Eleições Municipais 2016";"ES";"56936";"SÃO GABRIEL DA PALHA";"80000012769";"Ausência de requisito de registro "
"23/01/2020";"08:45:56";"2016";"2";"Eleição Ordinária";"220";"Eleições Municipais 2016";"ES";"56120";"MARATAÍZES";"80000012848";"Ausência de requisito de registro "
"23/01/2020";"08:45:56";"2016";"2";"Eleição Ordinária";"220";"Eleições Municipais 2016";"ES";"56065";"ALTO RIO NOVO";"80000001967";"Ausência de requisito de registro "
"23/01/2020";"08:45:56";"2016";"2";"Eleição Ordinária";"220";"Eleições Municipais 2016";"ES";"56359";"DIVINO DE SÃO LOURENÇO";"80000003245";"Ficha limpa (LC 64/90)"
"23/01/2020";"08:45:56";"2016";"2";"Eleição Ordinária";"220";"Eleições Municipais 2016";"ES";"56111";"ARACRUZ";"80000005298";"Ausência de requisito de registro "
"23/01/2020";"08:45:56";"2016";"2";"Eleição Ordinária";"220";"Eleições Municipais 2016";"ES";"57959";"VARGEM ALTA";"80000003778";"Ausência de requisito de registro "
"23/01/2020";"08:45:56";"2016";"2";"Eleição Ordinária";"220";"Eleições Municipais 2016";"ES";"56936";"SÃO GABRIEL DA PALHA";"80000004132";"Ausência de requisito de registro "
"23/01/2020";"08:45:56";"2016";"2";"Eleição Ordinária";"220";"Eleições Municipais 2016";"ES";"57975";"VENDA NOVA DO IMIGRANTE";"80000006781";"Ficha limpa (LC 64/90)"
"23/01/2020";"08:45:56";"2016";"2";"Eleição Ordinária";"220";"Eleições Municipais 2016";"ES";"56472";"GUARAPARI";"80000009608";"Ausência de requisito de registro "
"23/01/2020";"08:45:56";"2016";"2";"Eleição Ordinária";"220";"Eleições Municipais 2016";"ES";"56235";"CACHOEIRO DE ITAPEMIRIM";"80000008373";"Ausência de requisito de registro "
"23/01/2020";"08:45:56";"2016";"2";"Eleição Ordinária";"220";"Eleições Municipais 2016";"ES";"56979";"SÃO MATEUS";"80000010986";"Ficha limpa (LC 64/90)"
"23/01/2020";"08:45:56";"2016";"2";"Eleição Ordinária";"220";"Eleições Municipais 2016";"ES";"56472";"GUARAPARI";"80000008674";"Indeferimento de partido ou coligação."
"23/01/2020";"08:45:56";"2016";"2";"Eleição Ordinária";"220";"Eleições Municipais 2016";"ES";"56472";"GUARAPARI";"80000008679";"Indeferimento de partido ou coligação."
"23/01/2020";"08:45:56";"2016";"2";"Eleição Ordinária";"220";"Eleições Municipais 2016";"ES";"56472";"GUARAPARI";"80000009571";"Indeferimento de partido ou coligação."
"23/01/2020";"08:45:56";"2016";"2";"Eleição Ordinária";"220";"Eleições Municipais 2016";"ES";"56979";"SÃO MATEUS";"80000009786";"Ausência de requisito de registro "
"23/01/2020";"08:45:56";"2016";"2";"Eleição Ordinária";"220";"Eleições Municipais 2016";"ES";"57037";"VILA VELHA";"80000008295";"Indeferimento de partido ou coligação."
"23/01/2020";"08:45:56";"2016";"2";"Eleição Ordinária";"220";"Eleições Municipais 2016";"ES";"57037";"VILA VELHA";"80000008298";"Indeferimento de partido ou coligação."
"23/01/2020";"08:45:56";"2016";"2";"Eleição Ordinária";"220";"Eleições Municipais 2016";"ES";"56073";"ANCHIETA";"80000009332";"Ausência de requisito de registro "
"23/01/2020";"08:45:56";"2016";"2";"Eleição Ordinária";"220";"Eleições Municipais 2016";"ES";"56790";"PANCAS";"80000009395";"Ausência de requisito de registro "
"23/01/2020";"08:45:56";"2016";"2";"Eleição Ordinária";"220";"Eleições Municipais 2016";"ES";"56472";"GUARAPARI";"80000009074";"Ausência de requisito de registro "
"23/01/2020";"08:45:56";"2016";"2";"Eleição Ordinária";"220";"Eleições Municipais 2016";"ES";"56294";"COLATINA";"80000010558";"Ausência de requisito de registro "
"23/01/2020";"08:45:56";"2016";"2";"Eleição Ordinária";"220";"Eleições Municipais 2016";"ES";"57118";"RIO BANANAL";"80000010701";"Ausência de requisito de registro "
"23/01/2020";"08:45:56";"2016";"2";"Eleição Ordinária";"220";"Eleições Municipais 2016";"ES";"56758";"MUQUI";"80000012862";"Ausência de requisito de registro "
"23/01/2020";"08:45:56";"2016";"2";"Eleição Ordinária";"220";"Eleições Municipais 2016";"ES";"56995";"SERRA";"80000012318";"Ausência de requisito de registro "
"23/01/2020";"08:45:56";"2016";"1";"Eleição Suplementar";"411";"Eleição Suplementar de Castelo (ES)";"ES";"56278";"CASTELO";"80000631334";"Indeferimento de partido ou coligação."
"23/01/2020";"08:45:56";"2016";"2";"Eleição Ordinária";"220";"Eleições Municipais 2016";"ES";"57037";"VILA VELHA";"80000002153";"Ausência de requisito de registro "
"23/01/2020";"08:45:56";"2016";"2";"Eleição Ordinária";"220";"Eleições Municipais 2016";"ES";"56979";"SÃO MATEUS";"80000004956";"Ausência de requisito de registro "
"23/01/2020";"08:45:56";"2016";"2";"Eleição Ordinária";"220";"Eleições Municipais 2016";"ES";"56081";"VILA PAVÃO";"80000004283";"Ausência de requisito de registro "
"23/01/2020";"08:45:56";"2016";"2";"Eleição Ordinária";"220";"Eleições Municipais 2016";"ES";"56146";"BREJETUBA";"80000008497";"Ausência de requisito de registro "
"23/01/2020";"08:45:56";"2016";"2";"Eleição Ordinária";"220";"Eleições Municipais 2016";"ES";"56677";"MIMOSO DO SUL";"80000005557";"Ausência de requisito de registro "
"23/01/2020";"08:45:56";"2016";"2";"Eleição Ordinária";"220";"Eleições Municipais 2016";"ES";"56049";"IRUPI";"80000007696";"Ausência de requisito de registro "
"23/01/2020";"08:45:56";"2016";"2";"Eleição Ordinária";"220";"Eleições Municipais 2016";"ES";"56189";"SOORETAMA";"80000005942";"Ausência de requisito de registro "
"23/01/2020";"08:45:56";"2016";"2";"Eleição Ordinária";"220";"Eleições Municipais 2016";"ES";"56120";"MARATAÍZES";"80000006224";"Ausência de requisito de registro "
"23/01/2020";"08:45:56";"2016";"2";"Eleição Ordinária";"220";"Eleições Municipais 2016";"ES";"56936";"SÃO GABRIEL DA PALHA";"80000007430";"Ausência de requisito de registro "
"23/01/2020";"08:45:56";"2016";"2";"Eleição Ordinária";"220";"Eleições Municipais 2016";"ES";"56294";"COLATINA";"80000007158";"Ausência de requisito de registro "
"23/01/2020";"08:45:56";"2016";"2";"Eleição Ordinária";"220";"Eleições Municipais 2016";"ES";"56472";"GUARAPARI";"80000009580";"Ausência de requisito de registro "
"23/01/2020";"08:45:56";"2016";"2";"Eleição Ordinária";"220";"Eleições Municipais 2016";"ES";"56251";"CARIACICA";"80000009704";"Ausência de requisito de registro "
"23/01/2020";"08:45:56";"2016";"2";"Eleição Ordinária";"220";"Eleições Municipais 2016";"ES";"56472";"GUARAPARI";"80000008675";"Indeferimento de partido ou coligação."
"23/01/2020";"08:45:56";"2016";"2";"Eleição Ordinária";"220";"Eleições Municipais 2016";"ES";"56073";"ANCHIETA";"80000008824";"Ausência de requisito de registro "
"23/01/2020";"08:45:56";"2016";"2";"Eleição Ordinária";"220";"Eleições Municipais 2016";"ES";"57037";"VILA VELHA";"80000008301";"Indeferimento de partido ou coligação."
"23/01/2020";"08:45:56";"2016";"2";"Eleição Ordinária";"220";"Eleições Municipais 2016";"ES";"57150";"PEDRO CANÁRIO";"80000008205";"Ausência de requisito de registro "
"23/01/2020";"08:45:56";"2016";"2";"Eleição Ordinária";"220";"Eleições Municipais 2016";"ES";"57053";"VITÓRIA";"80000008307";"Ausência de requisito de registro "
"23/01/2020";"08:45:56";"2016";"2";"Eleição Ordinária";"220";"Eleições Municipais 2016";"ES";"56251";"CARIACICA";"80000009204";"Ausência de requisito de registro "
"23/01/2020";"08:45:56";"2016";"2";"Eleição Ordinária";"220";"Eleições Municipais 2016";"ES";"56472";"GUARAPARI";"80000009575";"Ausência de requisito de registro "
"23/01/2020";"08:45:56";"2016";"2";"Eleição Ordinária";"220";"Eleições Municipais 2016";"ES";"56995";"SERRA";"80000011359";"Ausência de requisito de registro "
"23/01/2020";"08:45:56";"2016";"2";"Eleição Ordinária";"220";"Eleições Municipais 2016";"ES";"56995";"SERRA";"80000011448";"Ausência de requisito de registro "
"23/01/2020";"08:45:56";"2016";"2";"Eleição Ordinária";"220";"Eleições Municipais 2016";"ES";"56251";"CARIACICA";"80000011235";"Ausência de requisito de registro "
"23/01/2020";"08:45:56";"2016";"2";"Eleição Ordinária";"220";"Eleições Municipais 2016";"ES";"56995";"SERRA";"80000012157";"Ausência de requisito de registro "
"23/01/2020";"08:45:56";"2016";"2";"Eleição Ordinária";"220";"Eleições Municipais 2016";"ES";"56251";"CARIACICA";"80000011265";"Ausência de requisito de registro "
"23/01/2020";"08:45:56";"2016";"2";"Eleição Ordinária";"220";"Eleições Municipais 2016";"ES";"56537";"ITAGUAÇU";"80000012801";"Ausência de requisito de registro "
"23/01/2020";"08:45:56";"2016";"2";"Eleição Ordinária";"220";"Eleições Municipais 2016";"ES";"56871";"RIO NOVO DO SUL";"80000010793";"Ausência de requisito de registro "
"23/01/2020";"08:45:56";"2016";"2";"Eleição Ordinária";"220";"Eleições Municipais 2016";"ES";"57150";"PEDRO CANÁRIO";"80000010672";"Ausência de requisito de registro "
"23/01/2020";"08:45:56";"2016";"1";"Eleição Suplementar";"411";"Eleição Suplementar de Castelo (ES)";"ES";"56278";"CASTELO";"80000631340";"Indeferimento de partido ou coligação."
"23/01/2020";"08:45:56";"2016";"2";"Eleição Ordinária";"220";"Eleições Municipais 2016";"ES";"56871";"RIO NOVO DO SUL";"80000002066";"Indeferimento de partido ou coligação."
"23/01/2020";"08:45:56";"2016";"2";"Eleição Ordinária";"220";"Eleições Municipais 2016";"ES";"57070";"MARILÂNDIA";"80000003221";"Ausência de requisito de registro "
"23/01/2020";"08:45:56";"2016";"2";"Eleição Ordinária";"220";"Eleições Municipais 2016";"ES";"56219";"BOM JESUS DO NORTE";"80000004468";"Ausência de requisito de registro "
"23/01/2020";"08:45:56";"2016";"2";"Eleição Ordinária";"220";"Eleições Municipais 2016";"ES";"56006";"SÃO DOMINGOS DO NORTE";"80000005413";"Ausência de requisito de registro "
"23/01/2020";"08:45:56";"2016";"2";"Eleição Ordinária";"220";"Eleições Municipais 2016";"ES";"56111";"ARACRUZ";"80000004984";"Ausência de requisito de registro "
"23/01/2020";"08:45:56";"2016";"2";"Eleição Ordinária";"220";"Eleições Municipais 2016";"ES";"56278";"CASTELO";"80000007288";"Ausência de requisito de registro "
"23/01/2020";"08:45:56";"2016";"2";"Eleição Ordinária";"220";"Eleições Municipais 2016";"ES";"57134";"JAGUARÉ";"80000007293";"Ausência de requisito de registro "
"23/01/2020";"08:45:56";"2016";"2";"Eleição Ordinária";"220";"Eleições Municipais 2016";"ES";"56120";"MARATAÍZES";"80000006370";"Ausência de requisito de registro "
"23/01/2020";"08:45:56";"2016";"2";"Eleição Ordinária";"220";"Eleições Municipais 2016";"ES";"56715";"MUCURICI";"80000007339";"Ausência de requisito de registro "
"23/01/2020";"08:45:56";"2016";"2";"Eleição Ordinária";"220";"Eleições Municipais 2016";"ES";"57010";"VIANA";"80000007913";"Ausência de requisito de registro "
"23/01/2020";"08:45:56";"2016";"2";"Eleição Ordinária";"220";"Eleições Municipais 2016";"ES";"57010";"VIANA";"80000007914";"Ausência de requisito de registro "
"23/01/2020";"08:45:56";"2016";"2";"Eleição Ordinária";"220";"Eleições Municipais 2016";"ES";"56120";"MARATAÍZES";"80000008106";"Ausência de requisito de registro "
"23/01/2020";"08:45:56";"2016";"2";"Eleição Ordinária";"220";"Eleições Municipais 2016";"ES";"56936";"SÃO GABRIEL DA PALHA";"80000010022";"Ausência de requisito de registro "
"23/01/2020";"08:45:56";"2016";"2";"Eleição Ordinária";"220";"Eleições Municipais 2016";"ES";"56596";"IÚNA";"80000009308";"Ausência de requisito de registro "
"23/01/2020";"08:45:56";"2016";"2";"Eleição Ordinária";"220";"Eleições Municipais 2016";"ES";"57037";"VILA VELHA";"80000008297";"Indeferimento de partido ou coligação."
"23/01/2020";"08:45:56";"2016";"2";"Eleição Ordinária";"220";"Eleições Municipais 2016";"ES";"56251";"CARIACICA";"80000008016";"Ausência de requisito de registro "
"23/01/2020";"08:45:56";"2016";"2";"Eleição Ordinária";"220";"Eleições Municipais 2016";"ES";"56472";"GUARAPARI";"80000008661";"Indeferimento de partido ou coligação."
"23/01/2020";"08:45:56";"2016";"2";"Eleição Ordinária";"220";"Eleições Municipais 2016";"ES";"56790";"PANCAS";"80000010227";"Ausência de requisito de registro "
"23/01/2020";"08:45:56";"2016";"2";"Eleição Ordinária";"220";"Eleições Municipais 2016";"ES";"56995";"SERRA";"80000012495";"Ausência de requisito de registro "
"23/01/2020";"08:45:56";"2016";"2";"Eleição Ordinária";"220";"Eleições Municipais 2016";"ES";"56375";"DOMINGOS MARTINS";"80000011663";"Ausência de requisito de registro "
"23/01/2020";"08:45:56";"2016";"2";"Eleição Ordinária";"220";"Eleições Municipais 2016";"ES";"57991";"ÁGUIA BRANCA";"80000012949";"Ausência de requisito de registro "
"23/01/2020";"08:45:56";"2016";"2";"Eleição Ordinária";"220";"Eleições Municipais 2016";"ES";"56952";"SÃO JOSÉ DO CALÇADO";"80000001589";"Ausência de requisito de registro "
"23/01/2020";"08:45:56";"2016";"2";"Eleição Ordinária";"220";"Eleições Municipais 2016";"ES";"56065";"ALTO RIO NOVO";"80000001966";"Ausência de requisito de registro "
"23/01/2020";"08:45:56";"2016";"2";"Eleição Ordinária";"220";"Eleições Municipais 2016";"ES";"56871";"RIO NOVO DO SUL";"80000002063";"Indeferimento de partido ou coligação."
"23/01/2020";"08:45:56";"2016";"2";"Eleição Ordinária";"220";"Eleições Municipais 2016";"ES";"56871";"RIO NOVO DO SUL";"80000002065";"Indeferimento de partido ou coligação."
"23/01/2020";"08:45:56";"2016";"2";"Eleição Ordinária";"220";"Eleições Municipais 2016";"ES";"57070";"MARILÂNDIA";"80000003225";"Ausência de requisito de registro "
"23/01/2020";"08:45:56";"2016";"2";"Eleição Ordinária";"220";"Eleições Municipais 2016";"ES";"56979";"SÃO MATEUS";"80000004330";"Ficha limpa (LC 64/90)"
"23/01/2020";"08:45:56";"2016";"2";"Eleição Ordinária";"220";"Eleições Municipais 2016";"ES";"56278";"CASTELO";"80000003683";"Ausência de requisito de registro "
"23/01/2020";"08:45:56";"2016";"2";"Eleição Ordinária";"220";"Eleições Municipais 2016";"ES";"56308";"GOVERNADOR LINDENBERG";"80000003696";"Ausência de requisito de registro "
"23/01/2020";"08:45:56";"2016";"2";"Eleição Ordinária";"220";"Eleições Municipais 2016";"ES";"56294";"COLATINA";"80000004092";"Ausência de requisito de registro "
"23/01/2020";"08:45:56";"2016";"2";"Eleição Ordinária";"220";"Eleições Municipais 2016";"ES";"56472";"GUARAPARI";"80000008654";"Indeferimento de partido ou coligação."
"23/01/2020";"08:45:56";"2016";"2";"Eleição Ordinária";"220";"Eleições Municipais 2016";"ES";"57010";"VIANA";"80000007904";"Ausência de requisito de registro "
"23/01/2020";"08:45:56";"2016";"2";"Eleição Ordinária";"220";"Eleições Municipais 2016";"ES";"56472";"GUARAPARI";"80000007792";"Ausência de requisito de registro "
"23/01/2020";"08:45:56";"2016";"2";"Eleição Ordinária";"220";"Eleições Municipais 2016";"ES";"56472";"GUARAPARI";"80000007667";"Ficha limpa (LC 64/90)"
"23/01/2020";"08:45:56";"2016";"2";"Eleição Ordinária";"220";"Eleições Municipais 2016";"ES";"56553";"ITAPEMIRIM";"80000008263";"Ausência de requisito de registro "
"23/01/2020";"08:45:56";"2016";"2";"Eleição Ordinária";"220";"Eleições Municipais 2016";"ES";"56472";"GUARAPARI";"80000008664";"Indeferimento de partido ou coligação."
"23/01/2020";"08:45:56";"2016";"2";"Eleição Ordinária";"220";"Eleições Municipais 2016";"ES";"57010";"VIANA";"80000007912";"Ausência de requisito de registro "
"23/01/2020";"08:45:56";"2016";"2";"Eleição Ordinária";"220";"Eleições Municipais 2016";"ES";"56235";"CACHOEIRO DE ITAPEMIRIM";"80000009748";"Ausência de requisito de registro "
"23/01/2020";"08:45:56";"2016";"2";"Eleição Ordinária";"220";"Eleições Municipais 2016";"ES";"56235";"CACHOEIRO DE ITAPEMIRIM";"80000009725";"Ausência de requisito de registro "
"23/01/2020";"08:45:56";"2016";"2";"Eleição Ordinária";"220";"Eleições Municipais 2016";"ES";"56472";"GUARAPARI";"80000008154";"Ausência de requisito de registro "
"23/01/2020";"08:45:56";"2016";"2";"Eleição Ordinária";"220";"Eleições Municipais 2016";"ES";"56995";"SERRA";"80000011419";"Ausência de requisito de registro "
"23/01/2020";"08:45:56";"2016";"2";"Eleição Ordinária";"220";"Eleições Municipais 2016";"ES";"56995";"SERRA";"80000012153";"Ausência de requisito de registro "
"23/01/2020";"08:45:56";"2016";"2";"Eleição Ordinária";"220";"Eleições Municipais 2016";"ES";"56235";"CACHOEIRO DE ITAPEMIRIM";"80000009732";"Ausência de requisito de registro "
"23/01/2020";"08:45:56";"2016";"2";"Eleição Ordinária";"220";"Eleições Municipais 2016";"ES";"56979";"SÃO MATEUS";"80000010972";"Ficha limpa (LC 64/90)"
"23/01/2020";"08:45:56";"2016";"2";"Eleição Ordinária";"220";"Eleições Municipais 2016";"ES";"56995";"SERRA";"80000012163";"Ausência de requisito de registro "
"23/01/2020";"08:45:56";"2016";"2";"Eleição Ordinária";"220";"Eleições Municipais 2016";"ES";"57037";"VILA VELHA";"80000002151";"Ausência de requisito de registro "
"23/01/2020";"08:45:56";"2016";"2";"Eleição Ordinária";"220";"Eleições Municipais 2016";"ES";"56952";"SÃO JOSÉ DO CALÇADO";"80000002466";"Ausência de requisito de registro "
"23/01/2020";"08:45:56";"2016";"2";"Eleição Ordinária";"220";"Eleições Municipais 2016";"ES";"56855";"PRESIDENTE KENNEDY";"80000002551";"Ausência de requisito de registro "
"23/01/2020";"08:45:56";"2016";"2";"Eleição Ordinária";"220";"Eleições Municipais 2016";"ES";"56065";"ALTO RIO NOVO";"80000003505";"Ausência de requisito de registro "
"23/01/2020";"08:45:56";"2016";"2";"Eleição Ordinária";"220";"Eleições Municipais 2016";"ES";"56979";"SÃO MATEUS";"80000004330";"Ausência de requisito de registro "
"23/01/2020";"08:45:56";"2016";"2";"Eleição Ordinária";"220";"Eleições Municipais 2016";"ES";"56111";"ARACRUZ";"80000003295";"Ausência de requisito de registro "
"23/01/2020";"08:45:56";"2016";"2";"Eleição Ordinária";"220";"Eleições Municipais 2016";"ES";"56553";"ITAPEMIRIM";"80000002735";"Ficha limpa (LC 64/90)"
"23/01/2020";"08:45:56";"2016";"2";"Eleição Ordinária";"220";"Eleições Municipais 2016";"ES";"56626";"JOÃO NEIVA";"80000008759";"Ficha limpa (LC 64/90)"
"23/01/2020";"08:45:56";"2016";"2";"Eleição Ordinária";"220";"Eleições Municipais 2016";"ES";"56677";"MIMOSO DO SUL";"80000005558";"Ausência de requisito de registro "
"23/01/2020";"08:45:56";"2016";"2";"Eleição Ordinária";"220";"Eleições Municipais 2016";"ES";"56111";"ARACRUZ";"80000006929";"Ausência de requisito de registro "
"23/01/2020";"08:45:56";"2016";"2";"Eleição Ordinária";"220";"Eleições Municipais 2016";"ES";"56472";"GUARAPARI";"80000007680";"Ausência de requisito de registro "
"23/01/2020";"08:45:56";"2016";"2";"Eleição Ordinária";"220";"Eleições Municipais 2016";"ES";"56472";"GUARAPARI";"80000007794";"Ausência de requisito de registro "
"23/01/2020";"08:45:56";"2016";"2";"Eleição Ordinária";"220";"Eleições Municipais 2016";"ES";"56073";"ANCHIETA";"80000005575";"Ausência de requisito de registro "
"23/01/2020";"08:45:56";"2016";"2";"Eleição Ordinária";"220";"Eleições Municipais 2016";"ES";"56049";"IRUPI";"80000006504";"Ausência de requisito de registro "
"23/01/2020";"08:45:56";"2016";"2";"Eleição Ordinária";"220";"Eleições Municipais 2016";"ES";"57975";"VENDA NOVA DO IMIGRANTE";"80000006671";"Ficha limpa (LC 64/90)"
"23/01/2020";"08:45:56";"2016";"2";"Eleição Ordinária";"220";"Eleições Municipais 2016";"ES";"56472";"GUARAPARI";"80000008668";"Indeferimento de partido ou coligação."
"23/01/2020";"08:45:56";"2016";"2";"Eleição Ordinária";"220";"Eleições Municipais 2016";"ES";"57010";"VIANA";"80000007917";"Ausência de requisito de registro "
"23/01/2020";"08:45:56";"2016";"2";"Eleição Ordinária";"220";"Eleições Municipais 2016";"ES";"56472";"GUARAPARI";"80000008979";"Ausência de requisito de registro "
"23/01/2020";"08:45:56";"2016";"2";"Eleição Ordinária";"220";"Eleições Municipais 2016";"ES";"56294";"COLATINA";"80000010549";"Ausência de requisito de registro "
"23/01/2020";"08:45:56";"2016";"2";"Eleição Ordinária";"220";"Eleições Municipais 2016";"ES";"56936";"SÃO GABRIEL DA PALHA";"80000010021";"Ausência de requisito de registro "
"23/01/2020";"08:45:56";"2016";"2";"Eleição Ordinária";"220";"Eleições Municipais 2016";"ES";"56472";"GUARAPARI";"80000009575";"Indeferimento de partido ou coligação."
"23/01/2020";"08:45:56";"2016";"2";"Eleição Ordinária";"220";"Eleições Municipais 2016";"ES";"56472";"GUARAPARI";"80000009576";"Indeferimento de partido ou coligação."
"23/01/2020";"08:45:56";"2016";"2";"Eleição Ordinária";"220";"Eleições Municipais 2016";"ES";"56979";"SÃO MATEUS";"80000010385";"Ausência de requisito de registro "
"23/01/2020";"08:45:56";"2016";"2";"Eleição Ordinária";"220";"Eleições Municipais 2016";"ES";"56812";"PINHEIROS";"80000010690";"Ausência de requisito de registro "
"23/01/2020";"08:45:56";"2016";"2";"Eleição Ordinária";"220";"Eleições Municipais 2016";"ES";"56553";"ITAPEMIRIM";"80000011075";"Ausência de requisito de registro "
"23/01/2020";"08:45:56";"2016";"2";"Eleição Ordinária";"220";"Eleições Municipais 2016";"ES";"56995";"SERRA";"80000011357";"Ausência de requisito de registro "
"23/01/2020";"08:45:56";"2016";"2";"Eleição Ordinária";"220";"Eleições Municipais 2016";"ES";"56995";"SERRA";"80000012162";"Ausência de requisito de registro "
"23/01/2020";"08:45:56";"2016";"1";"Eleição Suplementar";"411";"Eleição Suplementar de Castelo (ES)";"ES";"56278";"CASTELO";"80000631339";"Indeferimento de partido ou coligação."
"23/01/2020";"08:45:56";"2016";"1";"Eleição Suplementar";"411";"Eleição Suplementar de Castelo (ES)";"ES";"56278";"CASTELO";"80000631333";"Impugnação"
"23/01/2020";"08:45:56";"2016";"2";"Eleição Ordinária";"220";"Eleições Municipais 2016";"ES";"56839";"PIÚMA";"80000001097";"Ausência de requisito de registro "
"23/01/2020";"08:45:56";"2016";"2";"Eleição Ordinária";"220";"Eleições Municipais 2016";"ES";"56952";"SÃO JOSÉ DO CALÇADO";"80000002164";"Ausência de requisito de registro "
"23/01/2020";"08:45:56";"2016";"2";"Eleição Ordinária";"220";"Eleições Municipais 2016";"ES";"56499";"IBIRAÇU";"80000003137";"Ficha limpa (LC 64/90)"
"23/01/2020";"08:45:56";"2016";"2";"Eleição Ordinária";"220";"Eleições Municipais 2016";"ES";"57037";"VILA VELHA";"80000003726";"Ausência de requisito de registro "
"23/01/2020";"08:45:56";"2016";"2";"Eleição Ordinária";"220";"Eleições Municipais 2016";"ES";"56111";"ARACRUZ";"80000004993";"Ausência de requisito de registro "
"23/01/2020";"08:45:56";"2016";"2";"Eleição Ordinária";"220";"Eleições Municipais 2016";"ES";"56235";"CACHOEIRO DE ITAPEMIRIM";"80000004421";"Ausência de requisito de registro "
"23/01/2020";"08:45:56";"2016";"2";"Eleição Ordinária";"220";"Eleições Municipais 2016";"ES";"56898";"SANTA LEOPOLDINA";"80000004222";"Ausência de requisito de registro "
"23/01/2020";"08:45:56";"2016";"2";"Eleição Ordinária";"220";"Eleições Municipais 2016";"ES";"56693";"MONTANHA";"80000004589";"Ausência de requisito de registro "
"23/01/2020";"08:45:56";"2016";"2";"Eleição Ordinária";"220";"Eleições Municipais 2016";"ES";"56308";"GOVERNADOR LINDENBERG";"80000003704";"Ausência de requisito de registro "
"23/01/2020";"08:45:56";"2016";"2";"Eleição Ordinária";"220";"Eleições Municipais 2016";"ES";"56189";"SOORETAMA";"80000003945";"Ficha limpa (LC 64/90)"
"23/01/2020";"08:45:56";"2016";"2";"Eleição Ordinária";"220";"Eleições Municipais 2016";"ES";"56073";"ANCHIETA";"80000004553";"Ausência de requisito de registro "
"23/01/2020";"08:45:56";"2016";"2";"Eleição Ordinária";"220";"Eleições Municipais 2016";"ES";"56111";"ARACRUZ";"80000005189";"Ausência de requisito de registro "
"23/01/2020";"08:45:56";"2016";"2";"Eleição Ordinária";"220";"Eleições Municipais 2016";"ES";"56472";"GUARAPARI";"80000008651";"Indeferimento de partido ou coligação."
"23/01/2020";"08:45:56";"2016";"2";"Eleição Ordinária";"220";"Eleições Municipais 2016";"ES";"56472";"GUARAPARI";"80000008653";"Indeferimento de partido ou coligação."
"23/01/2020";"08:45:56";"2016";"2";"Eleição Ordinária";"220";"Eleições Municipais 2016";"ES";"57053";"VITÓRIA";"80000007349";"Ficha limpa (LC 64/90)"
"23/01/2020";"08:45:56";"2016";"2";"Eleição Ordinária";"220";"Eleições Municipais 2016";"ES";"57010";"VIANA";"80000007908";"Ausência de requisito de registro "
"23/01/2020";"08:45:56";"2016";"2";"Eleição Ordinária";"220";"Eleições Municipais 2016";"ES";"56189";"SOORETAMA";"80000006217";"Ausência de requisito de registro "
"23/01/2020";"08:45:56";"2016";"2";"Eleição Ordinária";"220";"Eleições Municipais 2016";"ES";"56472";"GUARAPARI";"80000007788";"Ausência de requisito de registro "
"23/01/2020";"08:45:56";"2016";"2";"Eleição Ordinária";"220";"Eleições Municipais 2016";"ES";"56294";"COLATINA";"80000007155";"Ausência de requisito de registro "
"23/01/2020";"08:45:56";"2016";"2";"Eleição Ordinária";"220";"Eleições Municipais 2016";"ES";"56472";"GUARAPARI";"80000009604";"Ausência de requisito de registro "
"23/01/2020";"08:45:56";"2016";"2";"Eleição Ordinária";"220";"Eleições Municipais 2016";"ES";"56235";"CACHOEIRO DE ITAPEMIRIM";"80000009761";"Ausência de requisito de registro "
"23/01/2020";"08:45:56";"2016";"2";"Eleição Ordinária";"220";"Eleições Municipais 2016";"ES";"57037";"VILA VELHA";"80000009549";"Ausência de requisito de registro "
"23/01/2020";"08:45:56";"2016";"2";"Eleição Ordinária";"220";"Eleições Municipais 2016";"ES";"56472";"GUARAPARI";"80000009585";"Ausência de requisito de registro "
"23/01/2020";"08:45:56";"2016";"2";"Eleição Ordinária";"220";"Eleições Municipais 2016";"ES";"56472";"GUARAPARI";"80000008160";"Ausência de requisito de registro "
"23/01/2020";"08:45:56";"2016";"2";"Eleição Ordinária";"220";"Eleições Municipais 2016";"ES";"56472";"GUARAPARI";"80000008978";"Ausência de requisito de registro "
"23/01/2020";"08:45:56";"2016";"2";"Eleição Ordinária";"220";"Eleições Municipais 2016";"ES";"57991";"ÁGUIA BRANCA";"80000009360";"Ausência de requisito de registro "
"23/01/2020";"08:45:56";"2016";"2";"Eleição Ordinária";"220";"Eleições Municipais 2016";"ES";"56790";"PANCAS";"80000010242";"Ficha limpa (LC 64/90)"
"23/01/2020";"08:45:56";"2016";"2";"Eleição Ordinária";"220";"Eleições Municipais 2016";"ES";"56073";"ANCHIETA";"80000008842";"Ausência de requisito de registro "
"23/01/2020";"08:45:56";"2016";"2";"Eleição Ordinária";"220";"Eleições Municipais 2016";"ES";"56278";"CASTELO";"80000009816";"Ficha limpa (LC 64/90)"
"23/01/2020";"08:45:56";"2016";"2";"Eleição Ordinária";"220";"Eleições Municipais 2016";"ES";"57150";"PEDRO CANÁRIO";"80000010719";"Ausência de requisito de registro "
"23/01/2020";"08:45:56";"2016";"2";"Eleição Ordinária";"220";"Eleições Municipais 2016";"ES";"56995";"SERRA";"80000012330";"Ausência de requisito de registro "
"23/01/2020";"08:45:56";"2016";"2";"Eleição Ordinária";"220";"Eleições Municipais 2016";"ES";"56731";"MUNIZ FREIRE";"80000011190";"Ausência de requisito de registro "
"23/01/2020";"08:45:56";"2016";"2";"Eleição Ordinária";"220";"Eleições Municipais 2016";"ES";"56294";"COLATINA";"80000010561";"Ausência de requisito de registro "
"23/01/2020";"08:45:56";"2016";"2";"Eleição Ordinária";"220";"Eleições Municipais 2016";"ES";"56774";"NOVA VENÉCIA";"80000011700";"Ausência de requisito de registro "
"23/01/2020";"08:45:56";"2016";"2";"Eleição Ordinária";"220";"Eleições Municipais 2016";"ES";"56596";"IÚNA";"80000010746";"Ausência de requisito de registro "
"23/01/2020";"08:45:56";"2016";"2";"Eleição Ordinária";"220";"Eleições Municipais 2016";"ES";"57053";"VITÓRIA";"80000010929";"Ausência de requisito de registro "
"23/01/2020";"08:45:56";"2016";"2";"Eleição Ordinária";"220";"Eleições Municipais 2016";"ES";"56995";"SERRA";"80000011514";"Ausência de requisito de registro "
"23/01/2020";"08:45:56";"2016";"2";"Eleição Ordinária";"220";"Eleições Municipais 2016";"ES";"56995";"SERRA";"80000012438";"Ausência de requisito de registro "
"23/01/2020";"08:45:56";"2016";"1";"Eleição Suplementar";"411";"Eleição Suplementar de Castelo (ES)";"ES";"56278";"CASTELO";"80000631334";"Ausência de requisito de registro "
"23/01/2020";"08:45:56";"2016";"2";"Eleição Ordinária";"220";"Eleições Municipais 2016";"ES";"56219";"BOM JESUS DO NORTE";"80000002059";"Ausência de requisito de registro "
"23/01/2020";"08:45:56";"2016";"2";"Eleição Ordinária";"220";"Eleições Municipais 2016";"ES";"56871";"RIO NOVO DO SUL";"80000002068";"Indeferimento de partido ou coligação."
"23/01/2020";"08:45:56";"2016";"2";"Eleição Ordinária";"220";"Eleições Municipais 2016";"ES";"56235";"CACHOEIRO DE ITAPEMIRIM";"80000004054";"Ausência de requisito de registro "
"23/01/2020";"08:45:56";"2016";"2";"Eleição Ordinária";"220";"Eleições Municipais 2016";"ES";"56758";"MUQUI";"80000006809";"Ficha limpa (LC 64/90)"
"23/01/2020";"08:45:56";"2016";"2";"Eleição Ordinária";"220";"Eleições Municipais 2016";"ES";"57096";"IBATIBA";"80000007263";"Ausência de requisito de registro "
"23/01/2020";"08:45:56";"2016";"2";"Eleição Ordinária";"220";"Eleições Municipais 2016";"ES";"57010";"VIANA";"80000007909";"Ausência de requisito de registro "
"23/01/2020";"08:45:56";"2016";"2";"Eleição Ordinária";"220";"Eleições Municipais 2016";"ES";"57010";"VIANA";"80000007910";"Ausência de requisito de registro "
"23/01/2020";"08:45:56";"2016";"2";"Eleição Ordinária";"220";"Eleições Municipais 2016";"ES";"56936";"SÃO GABRIEL DA PALHA";"80000005963";"Ficha limpa (LC 64/90)"
"23/01/2020";"08:45:56";"2016";"2";"Eleição Ordinária";"220";"Eleições Municipais 2016";"ES";"56189";"SOORETAMA";"80000005945";"Ausência de requisito de registro "
"23/01/2020";"08:45:56";"2016";"2";"Eleição Ordinária";"220";"Eleições Municipais 2016";"ES";"56332";"CONCEIÇÃO DO CASTELO";"80000006859";"Ausência de requisito de registro "
"23/01/2020";"08:45:56";"2016";"2";"Eleição Ordinária";"220";"Eleições Municipais 2016";"ES";"56472";"GUARAPARI";"80000009581";"Ausência de requisito de registro "
"23/01/2020";"08:45:56";"2016";"2";"Eleição Ordinária";"220";"Eleições Municipais 2016";"ES";"56677";"MIMOSO DO SUL";"80000008076";"Ausência de requisito de registro "
"23/01/2020";"08:45:56";"2016";"2";"Eleição Ordinária";"220";"Eleições Municipais 2016";"ES";"56472";"GUARAPARI";"80000008980";"Ausência de requisito de registro "
"23/01/2020";"08:45:56";"2016";"2";"Eleição Ordinária";"220";"Eleições Municipais 2016";"ES";"56472";"GUARAPARI";"80000008671";"Indeferimento de partido ou coligação."
"23/01/2020";"08:45:56";"2016";"2";"Eleição Ordinária";"220";"Eleições Municipais 2016";"ES";"56472";"GUARAPARI";"80000008677";"Indeferimento de partido ou coligação."
"23/01/2020";"08:45:56";"2016";"2";"Eleição Ordinária";"220";"Eleições Municipais 2016";"ES";"56790";"PANCAS";"80000009385";"Ficha limpa (LC 64/90)"
"23/01/2020";"08:45:56";"2016";"2";"Eleição Ordinária";"220";"Eleições Municipais 2016";"ES";"56839";"PIÚMA";"80000009689";"Ausência de requisito de registro "
"23/01/2020";"08:45:56";"2016";"2";"Eleição Ordinária";"220";"Eleições Municipais 2016";"ES";"56251";"CARIACICA";"80000008038";"Ausência de requisito de registro "
"23/01/2020";"08:45:56";"2016";"2";"Eleição Ordinária";"220";"Eleições Municipais 2016";"ES";"56251";"CARIACICA";"80000008452";"Ausência de requisito de registro "
"23/01/2020";"08:45:56";"2016";"2";"Eleição Ordinária";"220";"Eleições Municipais 2016";"ES";"56200";"PONTO BELO";"80000008597";"Ausência de requisito de registro "
"23/01/2020";"08:45:56";"2016";"2";"Eleição Ordinária";"220";"Eleições Municipais 2016";"ES";"56472";"GUARAPARI";"80000009574";"Indeferimento de partido ou coligação."
"23/01/2020";"08:45:56";"2016";"2";"Eleição Ordinária";"220";"Eleições Municipais 2016";"ES";"56090";"APIACÁ";"80000012051";"Ausência de requisito de registro "
"23/01/2020";"08:45:56";"2016";"2";"Eleição Ordinária";"220";"Eleições Municipais 2016";"ES";"56995";"SERRA";"80000012322";"Ausência de requisito de registro "
"23/01/2020";"08:45:56";"2016";"2";"Eleição Ordinária";"220";"Eleições Municipais 2016";"ES";"56189";"SOORETAMA";"80000010279";"Ausência de requisito de registro "
"23/01/2020";"08:45:56";"2016";"2";"Eleição Ordinária";"220";"Eleições Municipais 2016";"ES";"56812";"PINHEIROS";"80000011024";"Ausência de requisito de registro "
"23/01/2020";"08:45:56";"2016";"2";"Eleição Ordinária";"220";"Eleições Municipais 2016";"ES";"56022";"ÁGUA DOCE DO NORTE";"80000012258";"Ausência de requisito de registro "
"23/01/2020";"08:45:56";"2016";"2";"Eleição Ordinária";"220";"Eleições Municipais 2016";"ES";"56758";"MUQUI";"80000010826";"Ausência de requisito de registro "
"23/01/2020";"08:45:56";"2016";"2";"Eleição Ordinária";"220";"Eleições Municipais 2016";"ES";"56871";"RIO NOVO DO SUL";"80000002064";"Indeferimento de partido ou coligação."
"23/01/2020";"08:45:56";"2016";"2";"Eleição Ordinária";"220";"Eleições Municipais 2016";"ES";"56871";"RIO NOVO DO SUL";"80000002069";"Indeferimento de partido ou coligação."
"23/01/2020";"08:45:56";"2016";"2";"Eleição Ordinária";"220";"Eleições Municipais 2016";"ES";"57037";"VILA VELHA";"80000002878";"Ausência de requisito de registro "
"23/01/2020";"08:45:56";"2016";"2";"Eleição Ordinária";"220";"Eleições Municipais 2016";"ES";"57991";"ÁGUIA BRANCA";"80000002273";"Ausência de requisito de registro "
"23/01/2020";"08:45:56";"2016";"2";"Eleição Ordinária";"220";"Eleições Municipais 2016";"ES";"56120";"MARATAÍZES";"80000004926";"Ausência de requisito de registro "
"23/01/2020";"08:45:56";"2016";"2";"Eleição Ordinária";"220";"Eleições Municipais 2016";"ES";"56898";"SANTA LEOPOLDINA";"80000004221";"Ausência de requisito de registro "
"23/01/2020";"08:45:56";"2016";"2";"Eleição Ordinária";"220";"Eleições Municipais 2016";"ES";"56979";"SÃO MATEUS";"80000003784";"Ausência de requisito de registro "
"23/01/2020";"08:45:56";"2016";"2";"Eleição Ordinária";"220";"Eleições Municipais 2016";"ES";"56596";"IÚNA";"80000004015";"Ausência de requisito de registro "
"23/01/2020";"08:45:56";"2016";"2";"Eleição Ordinária";"220";"Eleições Municipais 2016";"ES";"56472";"GUARAPARI";"80000008650";"Indeferimento de partido ou coligação."
"23/01/2020";"08:45:56";"2016";"2";"Eleição Ordinária";"220";"Eleições Municipais 2016";"ES";"56189";"SOORETAMA";"80000005943";"Ausência de requisito de registro "
"23/01/2020";"08:45:56";"2016";"2";"Eleição Ordinária";"220";"Eleições Municipais 2016";"ES";"56235";"CACHOEIRO DE ITAPEMIRIM";"80000006794";"Ausência de requisito de registro "
"23/01/2020";"08:45:56";"2016";"2";"Eleição Ordinária";"220";"Eleições Municipais 2016";"ES";"56715";"MUCURICI";"80000007331";"Ausência de requisito de registro "
"23/01/2020";"08:45:56";"2016";"2";"Eleição Ordinária";"220";"Eleições Municipais 2016";"ES";"56235";"CACHOEIRO DE ITAPEMIRIM";"80000006914";"Ausência de requisito de registro "
"23/01/2020";"08:45:56";"2016";"2";"Eleição Ordinária";"220";"Eleições Municipais 2016";"ES";"56227";"VILA VALÉRIO";"80000009826";"Ausência de requisito de registro "
"23/01/2020";"08:45:56";"2016";"2";"Eleição Ordinária";"220";"Eleições Municipais 2016";"ES";"56294";"COLATINA";"80000010553";"Ausência de requisito de registro "
"23/01/2020";"08:45:56";"2016";"2";"Eleição Ordinária";"220";"Eleições Municipais 2016";"ES";"56413";"ECOPORANGA";"80000008051";"Ficha limpa (LC 64/90)"
"23/01/2020";"08:45:56";"2016";"2";"Eleição Ordinária";"220";"Eleições Municipais 2016";"ES";"56936";"SÃO GABRIEL DA PALHA";"80000010214";"Ausência de requisito de registro "
"23/01/2020";"08:45:56";"2016";"2";"Eleição Ordinária";"220";"Eleições Municipais 2016";"ES";"56294";"COLATINA";"80000010545";"Ausência de requisito de registro "
"23/01/2020";"08:45:56";"2016";"2";"Eleição Ordinária";"220";"Eleições Municipais 2016";"ES";"56995";"SERRA";"80000012158";"Ausência de requisito de registro "
"23/01/2020";"08:45:56";"2016";"2";"Eleição Ordinária";"220";"Eleições Municipais 2016";"ES";"56995";"SERRA";"80000011356";"Ausência de requisito de registro "
"23/01/2020";"08:45:56";"2016";"2";"Eleição Ordinária";"220";"Eleições Municipais 2016";"ES";"56758";"MUQUI";"80000010834";"Ausência de requisito de registro "
"23/01/2020";"08:45:56";"2016";"1";"Eleição Suplementar";"411";"Eleição Suplementar de Castelo (ES)";"ES";"56278";"CASTELO";"80000631333";"Ausência de requisito de registro "
"23/01/2020";"08:45:56";"2016";"2";"Eleição Ordinária";"220";"Eleições Municipais 2016";"ES";"56162";"SÃO ROQUE DO CANAÃ";"80000002556";"Ausência de requisito de registro "
"23/01/2020";"08:45:56";"2016";"2";"Eleição Ordinária";"220";"Eleições Municipais 2016";"ES";"56138";"ATÍLIO VIVÁCQUA";"80000002353";"Ausência de requisito de registro "
"23/01/2020";"08:45:56";"2016";"2";"Eleição Ordinária";"220";"Eleições Municipais 2016";"ES";"56456";"GUAÇUÍ";"80000004246";"Ausência de requisito de registro "
"23/01/2020";"08:45:56";"2016";"2";"Eleição Ordinária";"220";"Eleições Municipais 2016";"ES";"56626";"JOÃO NEIVA";"80000003549";"Ausência de requisito de registro "
"23/01/2020";"08:45:56";"2016";"2";"Eleição Ordinária";"220";"Eleições Municipais 2016";"ES";"56456";"GUAÇUÍ";"80000004277";"Ausência de requisito de registro "
"23/01/2020";"08:45:56";"2016";"2";"Eleição Ordinária";"220";"Eleições Municipais 2016";"ES";"56456";"GUAÇUÍ";"80000004339";"Ausência de requisito de registro "
"23/01/2020";"08:45:56";"2016";"2";"Eleição Ordinária";"220";"Eleições Municipais 2016";"ES";"56111";"ARACRUZ";"80000004994";"Ausência de requisito de registro "
"23/01/2020";"08:45:56";"2016";"2";"Eleição Ordinária";"220";"Eleições Municipais 2016";"ES";"56111";"ARACRUZ";"80000003301";"Ausência de requisito de registro "
"23/01/2020";"08:45:56";"2016";"2";"Eleição Ordinária";"220";"Eleições Municipais 2016";"ES";"56332";"CONCEIÇÃO DO CASTELO";"80000005217";"Ausência de requisito de registro "
"23/01/2020";"08:45:56";"2016";"2";"Eleição Ordinária";"220";"Eleições Municipais 2016";"ES";"57096";"IBATIBA";"80000007222";"Ausência de requisito de registro "
"23/01/2020";"08:45:56";"2016";"2";"Eleição Ordinária";"220";"Eleições Municipais 2016";"ES";"56111";"ARACRUZ";"80000006926";"Ausência de requisito de registro "
"23/01/2020";"08:45:56";"2016";"2";"Eleição Ordinária";"220";"Eleições Municipais 2016";"ES";"56294";"COLATINA";"80000006685";"Ausência de requisito de registro "
"23/01/2020";"08:45:56";"2016";"2";"Eleição Ordinária";"220";"Eleições Municipais 2016";"ES";"56146";"BREJETUBA";"80000005972";"Ausência de requisito de registro "
"23/01/2020";"08:45:56";"2016";"2";"Eleição Ordinária";"220";"Eleições Municipais 2016";"ES";"56413";"ECOPORANGA";"80000005505";"Ficha limpa (LC 64/90)"
"23/01/2020";"08:45:56";"2016";"2";"Eleição Ordinária";"220";"Eleições Municipais 2016";"ES";"56413";"ECOPORANGA";"80000005508";"Ausência de requisito de registro "
"23/01/2020";"08:45:56";"2016";"2";"Eleição Ordinária";"220";"Eleições Municipais 2016";"ES";"56294";"COLATINA";"80000007157";"Ausência de requisito de registro "
"23/01/2020";"08:45:56";"2016";"2";"Eleição Ordinária";"220";"Eleições Municipais 2016";"ES";"56251";"CARIACICA";"80000005860";"Ausência de requisito de registro "
"23/01/2020";"08:45:56";"2016";"2";"Eleição Ordinária";"220";"Eleições Municipais 2016";"ES";"56227";"VILA VALÉRIO";"80000009825";"Ausência de requisito de registro "
"23/01/2020";"08:45:56";"2016";"2";"Eleição Ordinária";"220";"Eleições Municipais 2016";"ES";"57010";"VIANA";"80000007915";"Ausência de requisito de registro "
"23/01/2020";"08:45:56";"2016";"2";"Eleição Ordinária";"220";"Eleições Municipais 2016";"ES";"56634";"LINHARES";"80000009154";"Ausência de requisito de registro "
"23/01/2020";"08:45:56";"2016";"2";"Eleição Ordinária";"220";"Eleições Municipais 2016";"ES";"56235";"CACHOEIRO DE ITAPEMIRIM";"80000009764";"Ausência de requisito de registro "
"23/01/2020";"08:45:56";"2016";"2";"Eleição Ordinária";"220";"Eleições Municipais 2016";"ES";"56120";"MARATAÍZES";"80000008110";"Ausência de requisito de registro "
"23/01/2020";"08:45:56";"2016";"2";"Eleição Ordinária";"220";"Eleições Municipais 2016";"ES";"56251";"CARIACICA";"80000010472";"Ausência de requisito de registro "
"23/01/2020";"08:45:56";"2016";"2";"Eleição Ordinária";"220";"Eleições Municipais 2016";"ES";"56294";"COLATINA";"80000008556";"Ausência de requisito de registro "
"23/01/2020";"08:45:56";"2016";"2";"Eleição Ordinária";"220";"Eleições Municipais 2016";"ES";"56472";"GUARAPARI";"80000008656";"Indeferimento de partido ou coligação."
"23/01/2020";"08:45:56";"2016";"2";"Eleição Ordinária";"220";"Eleições Municipais 2016";"ES";"56472";"GUARAPARI";"80000008658";"Indeferimento de partido ou coligação."
"23/01/2020";"08:45:56";"2016";"2";"Eleição Ordinária";"220";"Eleições Municipais 2016";"ES";"56472";"GUARAPARI";"80000009577";"Indeferimento de partido ou coligação."
"23/01/2020";"08:45:56";"2016";"2";"Eleição Ordinária";"220";"Eleições Municipais 2016";"ES";"56472";"GUARAPARI";"80000009578";"Indeferimento de partido ou coligação."
"23/01/2020";"08:45:56";"2016";"2";"Eleição Ordinária";"220";"Eleições Municipais 2016";"ES";"56995";"SERRA";"80000011438";"Ausência de requisito de registro "
"23/01/2020";"08:45:56";"2016";"2";"Eleição Ordinária";"220";"Eleições Municipais 2016";"ES";"56251";"CARIACICA";"80000010464";"Ausência de requisito de registro "
"23/01/2020";"08:45:56";"2016";"2";"Eleição Ordinária";"220";"Eleições Municipais 2016";"ES";"56375";"DOMINGOS MARTINS";"80000011565";"Ficha limpa (LC 64/90)"
"23/01/2020";"08:45:56";"2016";"2";"Eleição Ordinária";"220";"Eleições Municipais 2016";"ES";"56774";"NOVA VENÉCIA";"80000011529";"Ausência de requisito de registro "
"23/01/2020";"08:45:56";"2016";"2";"Eleição Ordinária";"220";"Eleições Municipais 2016";"ES";"56413";"ECOPORANGA";"80000010803";"Ausência de requisito de registro "
"23/01/2020";"08:45:56";"2016";"2";"Eleição Ordinária";"220";"Eleições Municipais 2016";"ES";"56251";"CARIACICA";"80000011258";"Ausência de requisito de registro "
"23/01/2020";"08:45:56";"2016";"2";"Eleição Ordinária";"220";"Eleições Municipais 2016";"ES";"57150";"PEDRO CANÁRIO";"80000011033";"Ficha limpa (LC 64/90)"
"23/01/2020";"08:45:56";"2016";"2";"Eleição Ordinária";"220";"Eleições Municipais 2016";"ES";"56979";"SÃO MATEUS";"80000010971";"Ausência de requisito de registro "
"23/01/2020";"08:45:56";"2016";"2";"Eleição Ordinária";"220";"Eleições Municipais 2016";"ES";"56022";"ÁGUA DOCE DO NORTE";"80000012246";"Ausência de requisito de registro "
"23/01/2020";"08:45:56";"2016";"1";"Eleição Suplementar";"411";"Eleição Suplementar de Castelo (ES)";"ES";"56278";"CASTELO";"80000631334";"Impugnação"
"23/01/2020";"08:45:56";"2016";"2";"Eleição Ordinária";"220";"Eleições Municipais 2016";"ES";"57010";"VIANA";"80000002079";"Ausência de requisito de registro "
"23/01/2020";"08:45:56";"2016";"2";"Eleição Ordinária";"220";"Eleições Municipais 2016";"ES";"57010";"VIANA";"80000002090";"Ausência de requisito de registro "
"23/01/2020";"08:45:56";"2016";"2";"Eleição Ordinária";"220";"Eleições Municipais 2016";"ES";"57070";"MARILÂNDIA";"80000002767";"Ausência de requisito de registro "
"23/01/2020";"08:45:56";"2016";"2";"Eleição Ordinária";"220";"Eleições Municipais 2016";"ES";"56332";"CONCEIÇÃO DO CASTELO";"80000003168";"Ausência de requisito de registro "
"23/01/2020";"08:45:56";"2016";"2";"Eleição Ordinária";"220";"Eleições Municipais 2016";"ES";"56120";"MARATAÍZES";"80000006360";"Ausência de requisito de registro "
"23/01/2020";"08:45:56";"2016";"2";"Eleição Ordinária";"220";"Eleições Municipais 2016";"ES";"56120";"MARATAÍZES";"80000005025";"Ausência de requisito de registro "
"23/01/2020";"08:45:56";"2016";"2";"Eleição Ordinária";"220";"Eleições Municipais 2016";"ES";"57037";"VILA VELHA";"80000005083";"Ausência de requisito de registro "
"23/01/2020";"08:45:56";"2016";"2";"Eleição Ordinária";"220";"Eleições Municipais 2016";"ES";"57932";"SANTA MARIA DE JETIBÁ";"80000003629";"Ausência de requisito de registro "
"23/01/2020";"08:45:56";"2016";"2";"Eleição Ordinária";"220";"Eleições Municipais 2016";"ES";"56790";"PANCAS";"80000005983";"Ausência de requisito de registro "
"23/01/2020";"08:45:56";"2016";"2";"Eleição Ordinária";"220";"Eleições Municipais 2016";"ES";"56472";"GUARAPARI";"80000007845";"Ausência de requisito de registro "
"23/01/2020";"08:45:56";"2016";"2";"Eleição Ordinária";"220";"Eleições Municipais 2016";"ES";"57150";"PEDRO CANÁRIO";"80000006555";"Ausência de requisito de registro "
"23/01/2020";"08:45:56";"2016";"2";"Eleição Ordinária";"220";"Eleições Municipais 2016";"ES";"56278";"CASTELO";"80000007275";"Ausência de requisito de registro "
"23/01/2020";"08:45:56";"2016";"2";"Eleição Ordinária";"220";"Eleições Municipais 2016";"ES";"56235";"CACHOEIRO DE ITAPEMIRIM";"80000006787";"Ausência de requisito de registro "
"23/01/2020";"08:45:56";"2016";"2";"Eleição Ordinária";"220";"Eleições Municipais 2016";"ES";"56111";"ARACRUZ";"80000006596";"Ausência de requisito de registro "
"23/01/2020";"08:45:56";"2016";"2";"Eleição Ordinária";"220";"Eleições Municipais 2016";"ES";"56235";"CACHOEIRO DE ITAPEMIRIM";"80000009739";"Ausência de requisito de registro "
"23/01/2020";"08:45:56";"2016";"2";"Eleição Ordinária";"220";"Eleições Municipais 2016";"ES";"56472";"GUARAPARI";"80000009583";"Ausência de requisito de registro "
"23/01/2020";"08:45:56";"2016";"2";"Eleição Ordinária";"220";"Eleições Municipais 2016";"ES";"56251";"CARIACICA";"80000010471";"Ausência de requisito de registro "
"23/01/2020";"08:45:56";"2016";"2";"Eleição Ordinária";"220";"Eleições Municipais 2016";"ES";"56472";"GUARAPARI";"80000008646";"Indeferimento de partido ou coligação."
"23/01/2020";"08:45:56";"2016";"2";"Eleição Ordinária";"220";"Eleições Municipais 2016";"ES";"57991";"ÁGUIA BRANCA";"80000009363";"Ausência de requisito de registro "
"23/01/2020";"08:45:56";"2016";"2";"Eleição Ordinária";"220";"Eleições Municipais 2016";"ES";"56995";"SERRA";"80000012143";"Ausência de requisito de registro "
"23/01/2020";"08:45:56";"2016";"2";"Eleição Ordinária";"220";"Eleições Municipais 2016";"ES";"56995";"SERRA";"80000012332";"Ausência de requisito de registro "
"23/01/2020";"08:45:56";"2016";"2";"Eleição Ordinária";"220";"Eleições Municipais 2016";"ES";"56294";"COLATINA";"80000010555";"Ausência de requisito de registro "
"23/01/2020";"08:45:56";"2016";"2";"Eleição Ordinária";"220";"Eleições Municipais 2016";"ES";"56979";"SÃO MATEUS";"80000010972";"Ausência de requisito de registro "
"23/01/2020";"08:45:56";"2016";"2";"Eleição Ordinária";"220";"Eleições Municipais 2016";"ES";"56871";"RIO NOVO DO SUL";"80000012685";"Indeferimento de partido ou coligação."
"23/01/2020";"08:45:56";"2016";"2";"Eleição Ordinária";"220";"Eleições Municipais 2016";"ES";"56634";"LINHARES";"80000012950";"Ausência de requisito de registro "
